{"cameraMode":{"drawMode":0,"name":"Shaded","section":"Shading Mode"},"sceneLighting":false,"audioPlay":false,"sceneViewState":{"showFog":true,"showMaterialUpdate":false,"showSkybox":false,"showFlares":true,"showImageEffects":true,"showParticleSystems":true},"in2DMode":false,"pivot":{"x":-0.6676559448242188,"y":4.294796943664551,"z":0.26001739501953127},"rotation":{"x":-0.049095477908849719,"y":0.9508396983146668,"z":-0.21044044196605683,"w":-0.2218296229839325},"size":105.84762573242188,"orthographic":false}