{"cameraMode":{"drawMode":0,"name":"Shaded","section":"Shading Mode"},"sceneLighting":false,"audioPlay":false,"sceneViewState":{"showFog":true,"showMaterialUpdate":false,"showSkybox":false,"showFlares":true,"showImageEffects":true,"showParticleSystems":true},"in2DMode":false,"pivot":{"x":5.5318450927734379,"y":1.6493504047393799,"z":-14.065349578857422},"rotation":{"x":0.08299268782138825,"y":-0.2729359567165375,"z":0.023633038625121118,"w":0.9581686854362488},"size":2.9355340003967287,"orthographic":false}