{"cameraMode":{"drawMode":0,"name":"Shaded","section":"Shading Mode"},"sceneLighting":false,"audioPlay":false,"sceneViewState":{"showFog":true,"showMaterialUpdate":false,"showSkybox":false,"showFlares":true,"showImageEffects":true,"showParticleSystems":true},"in2DMode":false,"pivot":{"x":-0.6676559448242188,"y":2.800048828125,"z":-5.265846252441406},"rotation":{"x":-0.049095477908849719,"y":0.9508396983146668,"z":-0.21044044196605683,"w":-0.2218296229839325},"size":101.67130279541016,"orthographic":false}